<?xml version="1.0" encoding="utf-8" ?>
<data>
	<etapa id="meiose">
		<fase etapa="1" nome="Intérfase">
			<dna>4c</dna>
			<label>Duplicação do DNA</label>
		</fase>
		<fase etapa="2" nome="Prófase I">
			<dna>4c</dna>
			<label>Desaparecimento da carioteca</label>
			<label>Pareamento dos cromossomos homólogos</label>
		</fase>
		<fase etapa="3" nome="Metáfase I">
			<dna>4c</dna>
			<label>Alinhamento dos cromossomos no centro da célula</label>
			<label>Ligação do fuso nos centrômeros dos cromossomos</label>
		</fase>
		<fase etapa="4" nome="Anáfase I">
			<dna>4c</dna>
			<label>Separação dos cromossomos homólogos</label>
		</fase>
		<fase etapa="5" nome="Telófase I">
			<dna>2c</dna>
			<label>Reaparecimento da carioteca</label>		
			<label>Citocinese</label>		
		</fase>			
		<fase etapa="6" nome="Prófase II">
			<dna>2c</dna>
			<label>Desaparecimento da carioteca</label>		
			<label>Pareamento dos cromossomos homólogos</label>					
		</fase>
		<fase etapa="7" nome="Metáfase II">
			<dna>2c</dna>
			<label>Alinhamento dos cromossomos no centro da célula</label>		
			<label>Ligação do fuso nos centrômeros dos cromossomos</label>					
		</fase>
		<fase etapa="8" nome="Anáfase II">
			<dna>2c</dna>
			<label>Separação das cromátides-irmãs</label>
		</fase>
		<fase etapa="9" nome="Telófase II">
			<dna>c</dna>
			<label>Reaparecimento da carioteca</label>			
			<label>Citocinese</label>						
		</fase>
	</etapa>
	<etapa id="mitose">
		<fase etapa="10" nome="Intérfase">
			<dna>4c</dna>
			<label>Duplicação do DNA</label>
		</fase>
		<fase etapa="11" nome="Prófase">
			<dna>4c</dna>
			<label>Desaparecimento da carioteca</label>
			<label>Pareamento dos cromossomos homólogos</label>
		</fase>
		<fase etapa="12" nome="Metáfase">
			<dna>4c</dna>
			<label>Alinhamento dos cromossomos no centro da célula</label>
			<label>Ligação do fuso nos centrômeros dos cromossomos</label>
		</fase>
		<fase etapa="13" nome="Anáfase">
			<dna>4c</dna>
			<label>Separação das cromátides-irmãs</label>
		</fase>
		<fase etapa="14" nome="Telófase">
			<dna>2c</dna>
			<label>Reaparecimento da carioteca</label>		
			<label>Citocinese</label>		
		</fase>
	</etapa>
</data>